<?xml version="1.0" encoding="UTF-8"?>
<GenRun Id="Fifo_Ligne2_synth_1" LaunchPart="xc7z010clg400-1" LaunchTime="1687521726">
  <File Type="PA-TCL" Name="Fifo_Ligne2.tcl"/>
  <File Type="REPORTS-TCL" Name="Fifo_Ligne2_reports.tcl"/>
  <File Type="RDS-RDS" Name="Fifo_Ligne2.vds"/>
  <File Type="RDS-UTIL" Name="Fifo_Ligne2_utilization_synth.rpt"/>
  <File Type="RDS-UTIL-PB" Name="Fifo_Ligne2_utilization_synth.pb"/>
  <File Type="RDS-DCP" Name="Fifo_Ligne2.dcp"/>
  <FileSet Name="sources" Type="BlockSrcs" RelSrcDir="$PSRCDIR/Fifo_Ligne2">
    <File Path="$PSRCDIR/sources_1/ip/Fifo_Ligne2/Fifo_Ligne2.xci">
      <FileInfo>
        <Attr Name="UsedIn" Val="synthesis"/>
        <Attr Name="UsedIn" Val="implementation"/>
        <Attr Name="UsedIn" Val="simulation"/>
      </FileInfo>
    </File>
    <Config>
      <Option Name="TopModule" Val="Fifo_Ligne2"/>
      <Option Name="UseBlackboxStub" Val="1"/>
    </Config>
  </FileSet>
  <FileSet Name="constrs_in" Type="BlockSrcs" RelSrcDir="$PSRCDIR/Fifo_Ligne2">
    <File Path="$PSRCDIR/sources_1/ip/Fifo_Ligne2/Fifo_Ligne2.xci">
      <FileInfo>
        <Attr Name="UsedIn" Val="synthesis"/>
        <Attr Name="UsedIn" Val="implementation"/>
        <Attr Name="UsedIn" Val="simulation"/>
      </FileInfo>
    </File>
    <Config>
      <Option Name="TopModule" Val="Fifo_Ligne2"/>
      <Option Name="UseBlackboxStub" Val="1"/>
    </Config>
  </FileSet>
  <FileSet Name="utils" Type="Utils" RelSrcDir="$PSRCDIR/utils_1">
    <Filter Type="Utils"/>
    <Config>
      <Option Name="TopAutoSet" Val="TRUE"/>
    </Config>
  </FileSet>
  <Strategy Version="1" Minor="2">
    <StratHandle Name="Vivado Synthesis Defaults" Flow="Vivado Synthesis 2020"/>
    <Step Id="synth_design"/>
  </Strategy>
</GenRun>
