<?xml version="1.0" encoding="UTF-8" ?>
<webTalkData  fileName='usage_statistics_webtalk.xml'  majorVersion='1' minorVersion='0' timeStamp='Fri Jun 30 15:28:54 2023'>
<section name="__ROOT__" level="0" order="1" description="">
 <section name="software_version_and_target_device" level="1" order="1" description="">
  <keyValuePair key="beta" value="FALSE" description="" />
  <keyValuePair key="build_version" value="3064766" description="" />
  <keyValuePair key="date_generated" value="Fri Jun 30 15:28:54 2023" description="" />
  <keyValuePair key="os_platform" value="WIN64" description="" />
  <keyValuePair key="product_version" value="Vivado v2020.2 (64-bit)" description="" />
  <keyValuePair key="project_id" value="ed1815829889451997ea124a68cac8b0" description="" />
  <keyValuePair key="project_iteration" value="66" description="" />
  <keyValuePair key="random_id" value="f058a82cf756577ba988c643ba14f7e5" description="" />
  <keyValuePair key="registration_id" value="f058a82cf756577ba988c643ba14f7e5" description="" />
  <keyValuePair key="route_design" value="TRUE" description="" />
  <keyValuePair key="target_device" value="xc7z010" description="" />
  <keyValuePair key="target_family" value="zynq" description="" />
  <keyValuePair key="target_package" value="clg400" description="" />
  <keyValuePair key="target_speed" value="-1" description="" />
  <keyValuePair key="tool_flow" value="Vivado" description="" />
 </section>
 <section name="user_environment" level="1" order="2" description="">
  <keyValuePair key="cpu_name" value="Intel(R) Core(TM) i5-8250U CPU @ 1.60GHz" description="" />
  <keyValuePair key="cpu_speed" value="1800 MHz" description="" />
  <keyValuePair key="os_name" value="Windows Server 2016 or Windows 10" description="" />
  <keyValuePair key="os_release" value="major release  (build 9200)" description="" />
  <keyValuePair key="system_ram" value="17.000 GB" description="" />
  <keyValuePair key="total_processors" value="1" description="" />
 </section>
 <section name="ip_statistics" level="1" order="3" description="">
  <section name="clk_wiz_v6_0_6_0_0/1" level="2" order="1" description="">
   <keyValuePair key="clkin1_period" value="8.000" description="" />
   <keyValuePair key="clkin2_period" value="10.000" description="" />
   <keyValuePair key="clock_mgr_type" value="NA" description="" />
   <keyValuePair key="component_name" value="clock_VGA" description="" />
   <keyValuePair key="core_container" value="NA" description="" />
   <keyValuePair key="enable_axi" value="0" description="" />
   <keyValuePair key="feedback_source" value="FDBK_AUTO" description="" />
   <keyValuePair key="feedback_type" value="SINGLE" description="" />
   <keyValuePair key="iptotal" value="1" description="" />
   <keyValuePair key="manual_override" value="false" description="" />
   <keyValuePair key="num_out_clk" value="1" description="" />
   <keyValuePair key="primitive" value="MMCM" description="" />
   <keyValuePair key="use_dyn_phase_shift" value="false" description="" />
   <keyValuePair key="use_dyn_reconfig" value="false" description="" />
   <keyValuePair key="use_inclk_stopped" value="false" description="" />
   <keyValuePair key="use_inclk_switchover" value="false" description="" />
   <keyValuePair key="use_locked" value="true" description="" />
   <keyValuePair key="use_max_i_jitter" value="false" description="" />
   <keyValuePair key="use_min_o_jitter" value="false" description="" />
   <keyValuePair key="use_phase_alignment" value="true" description="" />
   <keyValuePair key="use_power_down" value="false" description="" />
   <keyValuePair key="use_reset" value="true" description="" />
  </section>
  <section name="fifo_generator_v13_2_5/1" level="2" order="2" description="">
   <keyValuePair key="c_add_ngc_constraint" value="0" description="" />
   <keyValuePair key="c_application_type_axis" value="0" description="" />
   <keyValuePair key="c_application_type_rach" value="0" description="" />
   <keyValuePair key="c_application_type_rdch" value="0" description="" />
   <keyValuePair key="c_application_type_wach" value="0" description="" />
   <keyValuePair key="c_application_type_wdch" value="0" description="" />
   <keyValuePair key="c_application_type_wrch" value="0" description="" />
   <keyValuePair key="c_axi_addr_width" value="32" description="" />
   <keyValuePair key="c_axi_aruser_width" value="1" description="" />
   <keyValuePair key="c_axi_awuser_width" value="1" description="" />
   <keyValuePair key="c_axi_buser_width" value="1" description="" />
   <keyValuePair key="c_axi_data_width" value="64" description="" />
   <keyValuePair key="c_axi_id_width" value="1" description="" />
   <keyValuePair key="c_axi_len_width" value="8" description="" />
   <keyValuePair key="c_axi_lock_width" value="1" description="" />
   <keyValuePair key="c_axi_ruser_width" value="1" description="" />
   <keyValuePair key="c_axi_type" value="1" description="" />
   <keyValuePair key="c_axi_wuser_width" value="1" description="" />
   <keyValuePair key="c_axis_tdata_width" value="8" description="" />
   <keyValuePair key="c_axis_tdest_width" value="1" description="" />
   <keyValuePair key="c_axis_tid_width" value="1" description="" />
   <keyValuePair key="c_axis_tkeep_width" value="1" description="" />
   <keyValuePair key="c_axis_tstrb_width" value="1" description="" />
   <keyValuePair key="c_axis_tuser_width" value="4" description="" />
   <keyValuePair key="c_axis_type" value="0" description="" />
   <keyValuePair key="c_common_clock" value="1" description="" />
   <keyValuePair key="c_count_type" value="0" description="" />
   <keyValuePair key="c_data_count_width" value="10" description="" />
   <keyValuePair key="c_default_value" value="BlankString" description="" />
   <keyValuePair key="c_din_width" value="12" description="" />
   <keyValuePair key="c_din_width_axis" value="1" description="" />
   <keyValuePair key="c_din_width_rach" value="32" description="" />
   <keyValuePair key="c_din_width_rdch" value="64" description="" />
   <keyValuePair key="c_din_width_wach" value="1" description="" />
   <keyValuePair key="c_din_width_wdch" value="64" description="" />
   <keyValuePair key="c_din_width_wrch" value="2" description="" />
   <keyValuePair key="c_dout_rst_val" value="0" description="" />
   <keyValuePair key="c_dout_width" value="12" description="" />
   <keyValuePair key="c_en_safety_ckt" value="0" description="" />
   <keyValuePair key="c_enable_rlocs" value="0" description="" />
   <keyValuePair key="c_enable_rst_sync" value="1" description="" />
   <keyValuePair key="c_error_injection_type" value="0" description="" />
   <keyValuePair key="c_error_injection_type_axis" value="0" description="" />
   <keyValuePair key="c_error_injection_type_rach" value="0" description="" />
   <keyValuePair key="c_error_injection_type_rdch" value="0" description="" />
   <keyValuePair key="c_error_injection_type_wach" value="0" description="" />
   <keyValuePair key="c_error_injection_type_wdch" value="0" description="" />
   <keyValuePair key="c_error_injection_type_wrch" value="0" description="" />
   <keyValuePair key="c_family" value="zynq" description="" />
   <keyValuePair key="c_full_flags_rst_val" value="0" description="" />
   <keyValuePair key="c_has_almost_empty" value="0" description="" />
   <keyValuePair key="c_has_almost_full" value="0" description="" />
   <keyValuePair key="c_has_axi_aruser" value="0" description="" />
   <keyValuePair key="c_has_axi_awuser" value="0" description="" />
   <keyValuePair key="c_has_axi_buser" value="0" description="" />
   <keyValuePair key="c_has_axi_id" value="0" description="" />
   <keyValuePair key="c_has_axi_rd_channel" value="1" description="" />
   <keyValuePair key="c_has_axi_ruser" value="0" description="" />
   <keyValuePair key="c_has_axi_wr_channel" value="1" description="" />
   <keyValuePair key="c_has_axi_wuser" value="0" description="" />
   <keyValuePair key="c_has_axis_tdata" value="1" description="" />
   <keyValuePair key="c_has_axis_tdest" value="0" description="" />
   <keyValuePair key="c_has_axis_tid" value="0" description="" />
   <keyValuePair key="c_has_axis_tkeep" value="0" description="" />
   <keyValuePair key="c_has_axis_tlast" value="0" description="" />
   <keyValuePair key="c_has_axis_tready" value="1" description="" />
   <keyValuePair key="c_has_axis_tstrb" value="0" description="" />
   <keyValuePair key="c_has_axis_tuser" value="1" description="" />
   <keyValuePair key="c_has_backup" value="0" description="" />
   <keyValuePair key="c_has_data_count" value="0" description="" />
   <keyValuePair key="c_has_data_counts_axis" value="0" description="" />
   <keyValuePair key="c_has_data_counts_rach" value="0" description="" />
   <keyValuePair key="c_has_data_counts_rdch" value="0" description="" />
   <keyValuePair key="c_has_data_counts_wach" value="0" description="" />
   <keyValuePair key="c_has_data_counts_wdch" value="0" description="" />
   <keyValuePair key="c_has_data_counts_wrch" value="0" description="" />
   <keyValuePair key="c_has_int_clk" value="0" description="" />
   <keyValuePair key="c_has_master_ce" value="0" description="" />
   <keyValuePair key="c_has_meminit_file" value="0" description="" />
   <keyValuePair key="c_has_overflow" value="0" description="" />
   <keyValuePair key="c_has_prog_flags_axis" value="0" description="" />
   <keyValuePair key="c_has_prog_flags_rach" value="0" description="" />
   <keyValuePair key="c_has_prog_flags_rdch" value="0" description="" />
   <keyValuePair key="c_has_prog_flags_wach" value="0" description="" />
   <keyValuePair key="c_has_prog_flags_wdch" value="0" description="" />
   <keyValuePair key="c_has_prog_flags_wrch" value="0" description="" />
   <keyValuePair key="c_has_rd_data_count" value="0" description="" />
   <keyValuePair key="c_has_rd_rst" value="0" description="" />
   <keyValuePair key="c_has_rst" value="0" description="" />
   <keyValuePair key="c_has_slave_ce" value="0" description="" />
   <keyValuePair key="c_has_srst" value="1" description="" />
   <keyValuePair key="c_has_underflow" value="0" description="" />
   <keyValuePair key="c_has_valid" value="0" description="" />
   <keyValuePair key="c_has_wr_ack" value="0" description="" />
   <keyValuePair key="c_has_wr_data_count" value="0" description="" />
   <keyValuePair key="c_has_wr_rst" value="0" description="" />
   <keyValuePair key="c_implementation_type" value="0" description="" />
   <keyValuePair key="c_implementation_type_axis" value="1" description="" />
   <keyValuePair key="c_implementation_type_rach" value="1" description="" />
   <keyValuePair key="c_implementation_type_rdch" value="1" description="" />
   <keyValuePair key="c_implementation_type_wach" value="1" description="" />
   <keyValuePair key="c_implementation_type_wdch" value="1" description="" />
   <keyValuePair key="c_implementation_type_wrch" value="1" description="" />
   <keyValuePair key="c_init_wr_pntr_val" value="0" description="" />
   <keyValuePair key="c_interface_type" value="0" description="" />
   <keyValuePair key="c_memory_type" value="1" description="" />
   <keyValuePair key="c_mif_file_name" value="BlankString" description="" />
   <keyValuePair key="c_msgon_val" value="1" description="" />
   <keyValuePair key="c_optimization_mode" value="0" description="" />
   <keyValuePair key="c_overflow_low" value="0" description="" />
   <keyValuePair key="c_power_saving_mode" value="0" description="" />
   <keyValuePair key="c_preload_latency" value="1" description="" />
   <keyValuePair key="c_preload_regs" value="0" description="" />
   <keyValuePair key="c_prim_fifo_type" value="1kx18" description="" />
   <keyValuePair key="c_prim_fifo_type_axis" value="1kx18" description="" />
   <keyValuePair key="c_prim_fifo_type_rach" value="512x36" description="" />
   <keyValuePair key="c_prim_fifo_type_rdch" value="1kx36" description="" />
   <keyValuePair key="c_prim_fifo_type_wach" value="512x36" description="" />
   <keyValuePair key="c_prim_fifo_type_wdch" value="1kx36" description="" />
   <keyValuePair key="c_prim_fifo_type_wrch" value="512x36" description="" />
   <keyValuePair key="c_prog_empty_thresh_assert_val" value="2" description="" />
   <keyValuePair key="c_prog_empty_thresh_assert_val_axis" value="1022" description="" />
   <keyValuePair key="c_prog_empty_thresh_assert_val_rach" value="1022" description="" />
   <keyValuePair key="c_prog_empty_thresh_assert_val_rdch" value="1022" description="" />
   <keyValuePair key="c_prog_empty_thresh_assert_val_wach" value="1022" description="" />
   <keyValuePair key="c_prog_empty_thresh_assert_val_wdch" value="1022" description="" />
   <keyValuePair key="c_prog_empty_thresh_assert_val_wrch" value="1022" description="" />
   <keyValuePair key="c_prog_empty_thresh_negate_val" value="3" description="" />
   <keyValuePair key="c_prog_empty_type" value="0" description="" />
   <keyValuePair key="c_prog_empty_type_axis" value="0" description="" />
   <keyValuePair key="c_prog_empty_type_rach" value="0" description="" />
   <keyValuePair key="c_prog_empty_type_rdch" value="0" description="" />
   <keyValuePair key="c_prog_empty_type_wach" value="0" description="" />
   <keyValuePair key="c_prog_empty_type_wdch" value="0" description="" />
   <keyValuePair key="c_prog_empty_type_wrch" value="0" description="" />
   <keyValuePair key="c_prog_full_thresh_assert_val" value="1022" description="" />
   <keyValuePair key="c_prog_full_thresh_assert_val_axis" value="1023" description="" />
   <keyValuePair key="c_prog_full_thresh_assert_val_rach" value="1023" description="" />
   <keyValuePair key="c_prog_full_thresh_assert_val_rdch" value="1023" description="" />
   <keyValuePair key="c_prog_full_thresh_assert_val_wach" value="1023" description="" />
   <keyValuePair key="c_prog_full_thresh_assert_val_wdch" value="1023" description="" />
   <keyValuePair key="c_prog_full_thresh_assert_val_wrch" value="1023" description="" />
   <keyValuePair key="c_prog_full_thresh_negate_val" value="1021" description="" />
   <keyValuePair key="c_prog_full_type" value="0" description="" />
   <keyValuePair key="c_prog_full_type_axis" value="0" description="" />
   <keyValuePair key="c_prog_full_type_rach" value="0" description="" />
   <keyValuePair key="c_prog_full_type_rdch" value="0" description="" />
   <keyValuePair key="c_prog_full_type_wach" value="0" description="" />
   <keyValuePair key="c_prog_full_type_wdch" value="0" description="" />
   <keyValuePair key="c_prog_full_type_wrch" value="0" description="" />
   <keyValuePair key="c_rach_type" value="0" description="" />
   <keyValuePair key="c_rd_data_count_width" value="10" description="" />
   <keyValuePair key="c_rd_depth" value="1024" description="" />
   <keyValuePair key="c_rd_freq" value="1" description="" />
   <keyValuePair key="c_rd_pntr_width" value="10" description="" />
   <keyValuePair key="c_rdch_type" value="0" description="" />
   <keyValuePair key="c_reg_slice_mode_axis" value="0" description="" />
   <keyValuePair key="c_reg_slice_mode_rach" value="0" description="" />
   <keyValuePair key="c_reg_slice_mode_rdch" value="0" description="" />
   <keyValuePair key="c_reg_slice_mode_wach" value="0" description="" />
   <keyValuePair key="c_reg_slice_mode_wdch" value="0" description="" />
   <keyValuePair key="c_reg_slice_mode_wrch" value="0" description="" />
   <keyValuePair key="c_select_xpm" value="0" description="" />
   <keyValuePair key="c_synchronizer_stage" value="2" description="" />
   <keyValuePair key="c_underflow_low" value="0" description="" />
   <keyValuePair key="c_use_common_overflow" value="0" description="" />
   <keyValuePair key="c_use_common_underflow" value="0" description="" />
   <keyValuePair key="c_use_default_settings" value="0" description="" />
   <keyValuePair key="c_use_dout_rst" value="1" description="" />
   <keyValuePair key="c_use_ecc" value="0" description="" />
   <keyValuePair key="c_use_ecc_axis" value="0" description="" />
   <keyValuePair key="c_use_ecc_rach" value="0" description="" />
   <keyValuePair key="c_use_ecc_rdch" value="0" description="" />
   <keyValuePair key="c_use_ecc_wach" value="0" description="" />
   <keyValuePair key="c_use_ecc_wdch" value="0" description="" />
   <keyValuePair key="c_use_ecc_wrch" value="0" description="" />
   <keyValuePair key="c_use_embedded_reg" value="0" description="" />
   <keyValuePair key="c_use_fifo16_flags" value="0" description="" />
   <keyValuePair key="c_use_fwft_data_count" value="0" description="" />
   <keyValuePair key="c_use_pipeline_reg" value="0" description="" />
   <keyValuePair key="c_valid_low" value="0" description="" />
   <keyValuePair key="c_wach_type" value="0" description="" />
   <keyValuePair key="c_wdch_type" value="0" description="" />
   <keyValuePair key="c_wr_ack_low" value="0" description="" />
   <keyValuePair key="c_wr_data_count_width" value="10" description="" />
   <keyValuePair key="c_wr_depth" value="1024" description="" />
   <keyValuePair key="c_wr_depth_axis" value="1024" description="" />
   <keyValuePair key="c_wr_depth_rach" value="16" description="" />
   <keyValuePair key="c_wr_depth_rdch" value="1024" description="" />
   <keyValuePair key="c_wr_depth_wach" value="16" description="" />
   <keyValuePair key="c_wr_depth_wdch" value="1024" description="" />
   <keyValuePair key="c_wr_depth_wrch" value="16" description="" />
   <keyValuePair key="c_wr_freq" value="1" description="" />
   <keyValuePair key="c_wr_pntr_width" value="10" description="" />
   <keyValuePair key="c_wr_pntr_width_axis" value="10" description="" />
   <keyValuePair key="c_wr_pntr_width_rach" value="4" description="" />
   <keyValuePair key="c_wr_pntr_width_rdch" value="10" description="" />
   <keyValuePair key="c_wr_pntr_width_wach" value="4" description="" />
   <keyValuePair key="c_wr_pntr_width_wdch" value="10" description="" />
   <keyValuePair key="c_wr_pntr_width_wrch" value="4" description="" />
   <keyValuePair key="c_wr_response_latency" value="1" description="" />
   <keyValuePair key="c_wrch_type" value="0" description="" />
   <keyValuePair key="core_container" value="false" description="" />
   <keyValuePair key="iptotal" value="1" description="" />
   <keyValuePair key="x_ipcorerevision" value="5" description="" />
   <keyValuePair key="x_iplanguage" value="VERILOG" description="" />
   <keyValuePair key="x_iplibrary" value="ip" description="" />
   <keyValuePair key="x_ipname" value="fifo_generator" description="" />
   <keyValuePair key="x_ipproduct" value="Vivado 2020.2" description="" />
   <keyValuePair key="x_ipsimlanguage" value="MIXED" description="" />
   <keyValuePair key="x_ipvendor" value="xilinx.com" description="" />
   <keyValuePair key="x_ipversion" value="13.2" description="" />
  </section>
  <section name="fifo_generator_v13_2_5/2" level="2" order="3" description="">
   <keyValuePair key="c_add_ngc_constraint" value="0" description="" />
   <keyValuePair key="c_application_type_axis" value="0" description="" />
   <keyValuePair key="c_application_type_rach" value="0" description="" />
   <keyValuePair key="c_application_type_rdch" value="0" description="" />
   <keyValuePair key="c_application_type_wach" value="0" description="" />
   <keyValuePair key="c_application_type_wdch" value="0" description="" />
   <keyValuePair key="c_application_type_wrch" value="0" description="" />
   <keyValuePair key="c_axi_addr_width" value="32" description="" />
   <keyValuePair key="c_axi_aruser_width" value="1" description="" />
   <keyValuePair key="c_axi_awuser_width" value="1" description="" />
   <keyValuePair key="c_axi_buser_width" value="1" description="" />
   <keyValuePair key="c_axi_data_width" value="64" description="" />
   <keyValuePair key="c_axi_id_width" value="1" description="" />
   <keyValuePair key="c_axi_len_width" value="8" description="" />
   <keyValuePair key="c_axi_lock_width" value="1" description="" />
   <keyValuePair key="c_axi_ruser_width" value="1" description="" />
   <keyValuePair key="c_axi_type" value="1" description="" />
   <keyValuePair key="c_axi_wuser_width" value="1" description="" />
   <keyValuePair key="c_axis_tdata_width" value="8" description="" />
   <keyValuePair key="c_axis_tdest_width" value="1" description="" />
   <keyValuePair key="c_axis_tid_width" value="1" description="" />
   <keyValuePair key="c_axis_tkeep_width" value="1" description="" />
   <keyValuePair key="c_axis_tstrb_width" value="1" description="" />
   <keyValuePair key="c_axis_tuser_width" value="4" description="" />
   <keyValuePair key="c_axis_type" value="0" description="" />
   <keyValuePair key="c_common_clock" value="1" description="" />
   <keyValuePair key="c_count_type" value="0" description="" />
   <keyValuePair key="c_data_count_width" value="10" description="" />
   <keyValuePair key="c_default_value" value="BlankString" description="" />
   <keyValuePair key="c_din_width" value="12" description="" />
   <keyValuePair key="c_din_width_axis" value="1" description="" />
   <keyValuePair key="c_din_width_rach" value="32" description="" />
   <keyValuePair key="c_din_width_rdch" value="64" description="" />
   <keyValuePair key="c_din_width_wach" value="1" description="" />
   <keyValuePair key="c_din_width_wdch" value="64" description="" />
   <keyValuePair key="c_din_width_wrch" value="2" description="" />
   <keyValuePair key="c_dout_rst_val" value="0" description="" />
   <keyValuePair key="c_dout_width" value="12" description="" />
   <keyValuePair key="c_en_safety_ckt" value="0" description="" />
   <keyValuePair key="c_enable_rlocs" value="0" description="" />
   <keyValuePair key="c_enable_rst_sync" value="1" description="" />
   <keyValuePair key="c_error_injection_type" value="0" description="" />
   <keyValuePair key="c_error_injection_type_axis" value="0" description="" />
   <keyValuePair key="c_error_injection_type_rach" value="0" description="" />
   <keyValuePair key="c_error_injection_type_rdch" value="0" description="" />
   <keyValuePair key="c_error_injection_type_wach" value="0" description="" />
   <keyValuePair key="c_error_injection_type_wdch" value="0" description="" />
   <keyValuePair key="c_error_injection_type_wrch" value="0" description="" />
   <keyValuePair key="c_family" value="zynq" description="" />
   <keyValuePair key="c_full_flags_rst_val" value="0" description="" />
   <keyValuePair key="c_has_almost_empty" value="0" description="" />
   <keyValuePair key="c_has_almost_full" value="0" description="" />
   <keyValuePair key="c_has_axi_aruser" value="0" description="" />
   <keyValuePair key="c_has_axi_awuser" value="0" description="" />
   <keyValuePair key="c_has_axi_buser" value="0" description="" />
   <keyValuePair key="c_has_axi_id" value="0" description="" />
   <keyValuePair key="c_has_axi_rd_channel" value="1" description="" />
   <keyValuePair key="c_has_axi_ruser" value="0" description="" />
   <keyValuePair key="c_has_axi_wr_channel" value="1" description="" />
   <keyValuePair key="c_has_axi_wuser" value="0" description="" />
   <keyValuePair key="c_has_axis_tdata" value="1" description="" />
   <keyValuePair key="c_has_axis_tdest" value="0" description="" />
   <keyValuePair key="c_has_axis_tid" value="0" description="" />
   <keyValuePair key="c_has_axis_tkeep" value="0" description="" />
   <keyValuePair key="c_has_axis_tlast" value="0" description="" />
   <keyValuePair key="c_has_axis_tready" value="1" description="" />
   <keyValuePair key="c_has_axis_tstrb" value="0" description="" />
   <keyValuePair key="c_has_axis_tuser" value="1" description="" />
   <keyValuePair key="c_has_backup" value="0" description="" />
   <keyValuePair key="c_has_data_count" value="0" description="" />
   <keyValuePair key="c_has_data_counts_axis" value="0" description="" />
   <keyValuePair key="c_has_data_counts_rach" value="0" description="" />
   <keyValuePair key="c_has_data_counts_rdch" value="0" description="" />
   <keyValuePair key="c_has_data_counts_wach" value="0" description="" />
   <keyValuePair key="c_has_data_counts_wdch" value="0" description="" />
   <keyValuePair key="c_has_data_counts_wrch" value="0" description="" />
   <keyValuePair key="c_has_int_clk" value="0" description="" />
   <keyValuePair key="c_has_master_ce" value="0" description="" />
   <keyValuePair key="c_has_meminit_file" value="0" description="" />
   <keyValuePair key="c_has_overflow" value="0" description="" />
   <keyValuePair key="c_has_prog_flags_axis" value="0" description="" />
   <keyValuePair key="c_has_prog_flags_rach" value="0" description="" />
   <keyValuePair key="c_has_prog_flags_rdch" value="0" description="" />
   <keyValuePair key="c_has_prog_flags_wach" value="0" description="" />
   <keyValuePair key="c_has_prog_flags_wdch" value="0" description="" />
   <keyValuePair key="c_has_prog_flags_wrch" value="0" description="" />
   <keyValuePair key="c_has_rd_data_count" value="0" description="" />
   <keyValuePair key="c_has_rd_rst" value="0" description="" />
   <keyValuePair key="c_has_rst" value="0" description="" />
   <keyValuePair key="c_has_slave_ce" value="0" description="" />
   <keyValuePair key="c_has_srst" value="1" description="" />
   <keyValuePair key="c_has_underflow" value="0" description="" />
   <keyValuePair key="c_has_valid" value="0" description="" />
   <keyValuePair key="c_has_wr_ack" value="0" description="" />
   <keyValuePair key="c_has_wr_data_count" value="0" description="" />
   <keyValuePair key="c_has_wr_rst" value="0" description="" />
   <keyValuePair key="c_implementation_type" value="0" description="" />
   <keyValuePair key="c_implementation_type_axis" value="1" description="" />
   <keyValuePair key="c_implementation_type_rach" value="1" description="" />
   <keyValuePair key="c_implementation_type_rdch" value="1" description="" />
   <keyValuePair key="c_implementation_type_wach" value="1" description="" />
   <keyValuePair key="c_implementation_type_wdch" value="1" description="" />
   <keyValuePair key="c_implementation_type_wrch" value="1" description="" />
   <keyValuePair key="c_init_wr_pntr_val" value="0" description="" />
   <keyValuePair key="c_interface_type" value="0" description="" />
   <keyValuePair key="c_memory_type" value="1" description="" />
   <keyValuePair key="c_mif_file_name" value="BlankString" description="" />
   <keyValuePair key="c_msgon_val" value="1" description="" />
   <keyValuePair key="c_optimization_mode" value="0" description="" />
   <keyValuePair key="c_overflow_low" value="0" description="" />
   <keyValuePair key="c_power_saving_mode" value="0" description="" />
   <keyValuePair key="c_preload_latency" value="1" description="" />
   <keyValuePair key="c_preload_regs" value="0" description="" />
   <keyValuePair key="c_prim_fifo_type" value="1kx18" description="" />
   <keyValuePair key="c_prim_fifo_type_axis" value="1kx18" description="" />
   <keyValuePair key="c_prim_fifo_type_rach" value="512x36" description="" />
   <keyValuePair key="c_prim_fifo_type_rdch" value="1kx36" description="" />
   <keyValuePair key="c_prim_fifo_type_wach" value="512x36" description="" />
   <keyValuePair key="c_prim_fifo_type_wdch" value="1kx36" description="" />
   <keyValuePair key="c_prim_fifo_type_wrch" value="512x36" description="" />
   <keyValuePair key="c_prog_empty_thresh_assert_val" value="2" description="" />
   <keyValuePair key="c_prog_empty_thresh_assert_val_axis" value="1022" description="" />
   <keyValuePair key="c_prog_empty_thresh_assert_val_rach" value="1022" description="" />
   <keyValuePair key="c_prog_empty_thresh_assert_val_rdch" value="1022" description="" />
   <keyValuePair key="c_prog_empty_thresh_assert_val_wach" value="1022" description="" />
   <keyValuePair key="c_prog_empty_thresh_assert_val_wdch" value="1022" description="" />
   <keyValuePair key="c_prog_empty_thresh_assert_val_wrch" value="1022" description="" />
   <keyValuePair key="c_prog_empty_thresh_negate_val" value="3" description="" />
   <keyValuePair key="c_prog_empty_type" value="0" description="" />
   <keyValuePair key="c_prog_empty_type_axis" value="0" description="" />
   <keyValuePair key="c_prog_empty_type_rach" value="0" description="" />
   <keyValuePair key="c_prog_empty_type_rdch" value="0" description="" />
   <keyValuePair key="c_prog_empty_type_wach" value="0" description="" />
   <keyValuePair key="c_prog_empty_type_wdch" value="0" description="" />
   <keyValuePair key="c_prog_empty_type_wrch" value="0" description="" />
   <keyValuePair key="c_prog_full_thresh_assert_val" value="1022" description="" />
   <keyValuePair key="c_prog_full_thresh_assert_val_axis" value="1023" description="" />
   <keyValuePair key="c_prog_full_thresh_assert_val_rach" value="1023" description="" />
   <keyValuePair key="c_prog_full_thresh_assert_val_rdch" value="1023" description="" />
   <keyValuePair key="c_prog_full_thresh_assert_val_wach" value="1023" description="" />
   <keyValuePair key="c_prog_full_thresh_assert_val_wdch" value="1023" description="" />
   <keyValuePair key="c_prog_full_thresh_assert_val_wrch" value="1023" description="" />
   <keyValuePair key="c_prog_full_thresh_negate_val" value="1021" description="" />
   <keyValuePair key="c_prog_full_type" value="0" description="" />
   <keyValuePair key="c_prog_full_type_axis" value="0" description="" />
   <keyValuePair key="c_prog_full_type_rach" value="0" description="" />
   <keyValuePair key="c_prog_full_type_rdch" value="0" description="" />
   <keyValuePair key="c_prog_full_type_wach" value="0" description="" />
   <keyValuePair key="c_prog_full_type_wdch" value="0" description="" />
   <keyValuePair key="c_prog_full_type_wrch" value="0" description="" />
   <keyValuePair key="c_rach_type" value="0" description="" />
   <keyValuePair key="c_rd_data_count_width" value="10" description="" />
   <keyValuePair key="c_rd_depth" value="1024" description="" />
   <keyValuePair key="c_rd_freq" value="1" description="" />
   <keyValuePair key="c_rd_pntr_width" value="10" description="" />
   <keyValuePair key="c_rdch_type" value="0" description="" />
   <keyValuePair key="c_reg_slice_mode_axis" value="0" description="" />
   <keyValuePair key="c_reg_slice_mode_rach" value="0" description="" />
   <keyValuePair key="c_reg_slice_mode_rdch" value="0" description="" />
   <keyValuePair key="c_reg_slice_mode_wach" value="0" description="" />
   <keyValuePair key="c_reg_slice_mode_wdch" value="0" description="" />
   <keyValuePair key="c_reg_slice_mode_wrch" value="0" description="" />
   <keyValuePair key="c_select_xpm" value="0" description="" />
   <keyValuePair key="c_synchronizer_stage" value="2" description="" />
   <keyValuePair key="c_underflow_low" value="0" description="" />
   <keyValuePair key="c_use_common_overflow" value="0" description="" />
   <keyValuePair key="c_use_common_underflow" value="0" description="" />
   <keyValuePair key="c_use_default_settings" value="0" description="" />
   <keyValuePair key="c_use_dout_rst" value="1" description="" />
   <keyValuePair key="c_use_ecc" value="0" description="" />
   <keyValuePair key="c_use_ecc_axis" value="0" description="" />
   <keyValuePair key="c_use_ecc_rach" value="0" description="" />
   <keyValuePair key="c_use_ecc_rdch" value="0" description="" />
   <keyValuePair key="c_use_ecc_wach" value="0" description="" />
   <keyValuePair key="c_use_ecc_wdch" value="0" description="" />
   <keyValuePair key="c_use_ecc_wrch" value="0" description="" />
   <keyValuePair key="c_use_embedded_reg" value="0" description="" />
   <keyValuePair key="c_use_fifo16_flags" value="0" description="" />
   <keyValuePair key="c_use_fwft_data_count" value="0" description="" />
   <keyValuePair key="c_use_pipeline_reg" value="0" description="" />
   <keyValuePair key="c_valid_low" value="0" description="" />
   <keyValuePair key="c_wach_type" value="0" description="" />
   <keyValuePair key="c_wdch_type" value="0" description="" />
   <keyValuePair key="c_wr_ack_low" value="0" description="" />
   <keyValuePair key="c_wr_data_count_width" value="10" description="" />
   <keyValuePair key="c_wr_depth" value="1024" description="" />
   <keyValuePair key="c_wr_depth_axis" value="1024" description="" />
   <keyValuePair key="c_wr_depth_rach" value="16" description="" />
   <keyValuePair key="c_wr_depth_rdch" value="1024" description="" />
   <keyValuePair key="c_wr_depth_wach" value="16" description="" />
   <keyValuePair key="c_wr_depth_wdch" value="1024" description="" />
   <keyValuePair key="c_wr_depth_wrch" value="16" description="" />
   <keyValuePair key="c_wr_freq" value="1" description="" />
   <keyValuePair key="c_wr_pntr_width" value="10" description="" />
   <keyValuePair key="c_wr_pntr_width_axis" value="10" description="" />
   <keyValuePair key="c_wr_pntr_width_rach" value="4" description="" />
   <keyValuePair key="c_wr_pntr_width_rdch" value="10" description="" />
   <keyValuePair key="c_wr_pntr_width_wach" value="4" description="" />
   <keyValuePair key="c_wr_pntr_width_wdch" value="10" description="" />
   <keyValuePair key="c_wr_pntr_width_wrch" value="4" description="" />
   <keyValuePair key="c_wr_response_latency" value="1" description="" />
   <keyValuePair key="c_wrch_type" value="0" description="" />
   <keyValuePair key="core_container" value="false" description="" />
   <keyValuePair key="iptotal" value="1" description="" />
   <keyValuePair key="x_ipcorerevision" value="5" description="" />
   <keyValuePair key="x_iplanguage" value="VERILOG" description="" />
   <keyValuePair key="x_iplibrary" value="ip" description="" />
   <keyValuePair key="x_ipname" value="fifo_generator" description="" />
   <keyValuePair key="x_ipproduct" value="Vivado 2020.2" description="" />
   <keyValuePair key="x_ipsimlanguage" value="MIXED" description="" />
   <keyValuePair key="x_ipvendor" value="xilinx.com" description="" />
   <keyValuePair key="x_ipversion" value="13.2" description="" />
  </section>
 </section>
 <section name="phys_opt_design_post_place" level="1" order="4" description="">
  <section name="command_line_options" level="2" order="1" description="">
   <keyValuePair key="-aggressive_hold_fix" value="default::[not_specified]" description="" />
   <keyValuePair key="-bram_register_opt" value="default::[not_specified]" description="" />
   <keyValuePair key="-clock_opt" value="default::[not_specified]" description="" />
   <keyValuePair key="-critical_cell_opt" value="default::[not_specified]" description="" />
   <keyValuePair key="-critical_pin_opt" value="default::[not_specified]" description="" />
   <keyValuePair key="-directive" value="default::[not_specified]" description="" />
   <keyValuePair key="-dsp_register_opt" value="default::[not_specified]" description="" />
   <keyValuePair key="-effort_level" value="default::[not_specified]" description="" />
   <keyValuePair key="-fanout_opt" value="default::[not_specified]" description="" />
   <keyValuePair key="-hold_fix" value="default::[not_specified]" description="" />
   <keyValuePair key="-insert_negative_edge_ffs" value="default::[not_specified]" description="" />
   <keyValuePair key="-multi_clock_opt" value="default::[not_specified]" description="" />
   <keyValuePair key="-placement_opt" value="default::[not_specified]" description="" />
   <keyValuePair key="-restruct_opt" value="default::[not_specified]" description="" />
   <keyValuePair key="-retime" value="default::[not_specified]" description="" />
   <keyValuePair key="-rewire" value="default::[not_specified]" description="" />
   <keyValuePair key="-shift_register_opt" value="default::[not_specified]" description="" />
   <keyValuePair key="-uram_register_opt" value="default::[not_specified]" description="" />
   <keyValuePair key="-verbose" value="default::[not_specified]" description="" />
   <keyValuePair key="-vhfn" value="default::[not_specified]" description="" />
  </section>
 </section>
 <section name="power_opt_design" level="1" order="5" description="">
  <section name="command_line_options_spo" level="2" order="1" description="">
   <keyValuePair key="-cell_types" value="default::all" description="" />
   <keyValuePair key="-clocks" value="default::[not_specified]" description="" />
   <keyValuePair key="-exclude_cells" value="default::[not_specified]" description="" />
   <keyValuePair key="-include_cells" value="default::[not_specified]" description="" />
  </section>
  <section name="usage" level="2" order="2" description="">
   <keyValuePair key="bram_ports_augmented" value="0" description="" />
   <keyValuePair key="bram_ports_newly_gated" value="0" description="" />
   <keyValuePair key="bram_ports_total" value="4" description="" />
   <keyValuePair key="flow_state" value="default" description="" />
   <keyValuePair key="slice_registers_augmented" value="0" description="" />
   <keyValuePair key="slice_registers_newly_gated" value="0" description="" />
   <keyValuePair key="slice_registers_total" value="270" description="" />
   <keyValuePair key="srls_augmented" value="0" description="" />
   <keyValuePair key="srls_newly_gated" value="0" description="" />
   <keyValuePair key="srls_total" value="0" description="" />
  </section>
 </section>
 <section name="report_drc" level="1" order="6" description="">
  <section name="command_line_options" level="2" order="1" description="">
   <keyValuePair key="-append" value="default::[not_specified]" description="" />
   <keyValuePair key="-checks" value="default::[not_specified]" description="" />
   <keyValuePair key="-fail_on" value="default::[not_specified]" description="" />
   <keyValuePair key="-force" value="default::[not_specified]" description="" />
   <keyValuePair key="-format" value="default::[not_specified]" description="" />
   <keyValuePair key="-internal" value="default::[not_specified]" description="" />
   <keyValuePair key="-internal_only" value="default::[not_specified]" description="" />
   <keyValuePair key="-max_msgs_per_check" value="default::[not_specified]" description="" />
   <keyValuePair key="-messages" value="default::[not_specified]" description="" />
   <keyValuePair key="-name" value="default::[not_specified]" description="" />
   <keyValuePair key="-no_waivers" value="default::[not_specified]" description="" />
   <keyValuePair key="-return_string" value="default::[not_specified]" description="" />
   <keyValuePair key="-ruledecks" value="default::[not_specified]" description="" />
   <keyValuePair key="-upgrade_cw" value="default::[not_specified]" description="" />
   <keyValuePair key="-waived" value="default::[not_specified]" description="" />
  </section>
  <section name="results" level="2" order="2" description="">
   <keyValuePair key="reqp-1840" value="8" description="" />
   <keyValuePair key="zps7-1" value="1" description="" />
  </section>
 </section>
 <section name="report_utilization" level="1" order="7" description="">
  <section name="clocking" level="2" order="1" description="">
   <keyValuePair key="bufgctrl_available" value="32" description="" />
   <keyValuePair key="bufgctrl_fixed" value="0" description="" />
   <keyValuePair key="bufgctrl_used" value="2" description="" />
   <keyValuePair key="bufgctrl_util_percentage" value="6.25" description="" />
   <keyValuePair key="bufhce_available" value="48" description="" />
   <keyValuePair key="bufhce_fixed" value="0" description="" />
   <keyValuePair key="bufhce_used" value="0" description="" />
   <keyValuePair key="bufhce_util_percentage" value="0.00" description="" />
   <keyValuePair key="bufio_available" value="8" description="" />
   <keyValuePair key="bufio_fixed" value="0" description="" />
   <keyValuePair key="bufio_used" value="0" description="" />
   <keyValuePair key="bufio_util_percentage" value="0.00" description="" />
   <keyValuePair key="bufmrce_available" value="4" description="" />
   <keyValuePair key="bufmrce_fixed" value="0" description="" />
   <keyValuePair key="bufmrce_used" value="0" description="" />
   <keyValuePair key="bufmrce_util_percentage" value="0.00" description="" />
   <keyValuePair key="bufr_available" value="8" description="" />
   <keyValuePair key="bufr_fixed" value="0" description="" />
   <keyValuePair key="bufr_used" value="0" description="" />
   <keyValuePair key="bufr_util_percentage" value="0.00" description="" />
   <keyValuePair key="mmcme2_adv_available" value="2" description="" />
   <keyValuePair key="mmcme2_adv_fixed" value="0" description="" />
   <keyValuePair key="mmcme2_adv_used" value="1" description="" />
   <keyValuePair key="mmcme2_adv_util_percentage" value="50.00" description="" />
   <keyValuePair key="plle2_adv_available" value="2" description="" />
   <keyValuePair key="plle2_adv_fixed" value="0" description="" />
   <keyValuePair key="plle2_adv_used" value="0" description="" />
   <keyValuePair key="plle2_adv_util_percentage" value="0.00" description="" />
  </section>
  <section name="dsp" level="2" order="2" description="">
   <keyValuePair key="dsps_available" value="80" description="" />
   <keyValuePair key="dsps_fixed" value="0" description="" />
   <keyValuePair key="dsps_used" value="0" description="" />
   <keyValuePair key="dsps_util_percentage" value="0.00" description="" />
  </section>
  <section name="io_standard" level="2" order="3" description="">
   <keyValuePair key="blvds_25" value="0" description="" />
   <keyValuePair key="diff_hstl_i" value="0" description="" />
   <keyValuePair key="diff_hstl_i_18" value="0" description="" />
   <keyValuePair key="diff_hstl_ii" value="0" description="" />
   <keyValuePair key="diff_hstl_ii_18" value="0" description="" />
   <keyValuePair key="diff_hsul_12" value="0" description="" />
   <keyValuePair key="diff_mobile_ddr" value="0" description="" />
   <keyValuePair key="diff_sstl135" value="0" description="" />
   <keyValuePair key="diff_sstl135_r" value="0" description="" />
   <keyValuePair key="diff_sstl15" value="0" description="" />
   <keyValuePair key="diff_sstl15_r" value="0" description="" />
   <keyValuePair key="diff_sstl18_i" value="0" description="" />
   <keyValuePair key="diff_sstl18_ii" value="0" description="" />
   <keyValuePair key="hstl_i" value="0" description="" />
   <keyValuePair key="hstl_i_18" value="0" description="" />
   <keyValuePair key="hstl_ii" value="0" description="" />
   <keyValuePair key="hstl_ii_18" value="0" description="" />
   <keyValuePair key="hsul_12" value="0" description="" />
   <keyValuePair key="lvcmos12" value="0" description="" />
   <keyValuePair key="lvcmos15" value="0" description="" />
   <keyValuePair key="lvcmos18" value="0" description="" />
   <keyValuePair key="lvcmos25" value="0" description="" />
   <keyValuePair key="lvcmos33" value="1" description="" />
   <keyValuePair key="lvds_25" value="0" description="" />
   <keyValuePair key="lvttl" value="0" description="" />
   <keyValuePair key="mini_lvds_25" value="0" description="" />
   <keyValuePair key="mobile_ddr" value="0" description="" />
   <keyValuePair key="pci33_3" value="0" description="" />
   <keyValuePair key="ppds_25" value="0" description="" />
   <keyValuePair key="rsds_25" value="0" description="" />
   <keyValuePair key="sstl135" value="0" description="" />
   <keyValuePair key="sstl135_r" value="0" description="" />
   <keyValuePair key="sstl15" value="0" description="" />
   <keyValuePair key="sstl15_r" value="0" description="" />
   <keyValuePair key="sstl18_i" value="0" description="" />
   <keyValuePair key="sstl18_ii" value="0" description="" />
   <keyValuePair key="tmds_33" value="0" description="" />
  </section>
  <section name="memory" level="2" order="4" description="">
   <keyValuePair key="block_ram_tile_available" value="60" description="" />
   <keyValuePair key="block_ram_tile_fixed" value="0" description="" />
   <keyValuePair key="block_ram_tile_used" value="1" description="" />
   <keyValuePair key="block_ram_tile_util_percentage" value="1.67" description="" />
   <keyValuePair key="ramb18_available" value="120" description="" />
   <keyValuePair key="ramb18_fixed" value="0" description="" />
   <keyValuePair key="ramb18_used" value="2" description="" />
   <keyValuePair key="ramb18_util_percentage" value="1.67" description="" />
   <keyValuePair key="ramb18e1_only_used" value="2" description="" />
   <keyValuePair key="ramb36_fifo_available" value="60" description="" />
   <keyValuePair key="ramb36_fifo_fixed" value="0" description="" />
   <keyValuePair key="ramb36_fifo_used" value="0" description="" />
   <keyValuePair key="ramb36_fifo_util_percentage" value="0.00" description="" />
  </section>
  <section name="primitives" level="2" order="5" description="">
   <keyValuePair key="bufg_functional_category" value="Clock" description="" />
   <keyValuePair key="bufg_used" value="2" description="" />
   <keyValuePair key="carry4_functional_category" value="CarryLogic" description="" />
   <keyValuePair key="carry4_used" value="36" description="" />
   <keyValuePair key="fdce_functional_category" value="Flop &amp; Latch" description="" />
   <keyValuePair key="fdce_used" value="150" description="" />
   <keyValuePair key="fdre_functional_category" value="Flop &amp; Latch" description="" />
   <keyValuePair key="fdre_used" value="112" description="" />
   <keyValuePair key="fdse_functional_category" value="Flop &amp; Latch" description="" />
   <keyValuePair key="fdse_used" value="8" description="" />
   <keyValuePair key="ibuf_functional_category" value="IO" description="" />
   <keyValuePair key="ibuf_used" value="2" description="" />
   <keyValuePair key="lut1_functional_category" value="LUT" description="" />
   <keyValuePair key="lut1_used" value="10" description="" />
   <keyValuePair key="lut2_functional_category" value="LUT" description="" />
   <keyValuePair key="lut2_used" value="26" description="" />
   <keyValuePair key="lut3_functional_category" value="LUT" description="" />
   <keyValuePair key="lut3_used" value="48" description="" />
   <keyValuePair key="lut4_functional_category" value="LUT" description="" />
   <keyValuePair key="lut4_used" value="80" description="" />
   <keyValuePair key="lut5_functional_category" value="LUT" description="" />
   <keyValuePair key="lut5_used" value="65" description="" />
   <keyValuePair key="lut6_functional_category" value="LUT" description="" />
   <keyValuePair key="lut6_used" value="94" description="" />
   <keyValuePair key="mmcme2_adv_functional_category" value="Clock" description="" />
   <keyValuePair key="mmcme2_adv_used" value="1" description="" />
   <keyValuePair key="obuf_functional_category" value="IO" description="" />
   <keyValuePair key="obuf_used" value="14" description="" />
   <keyValuePair key="ramb18e1_functional_category" value="Block Memory" description="" />
   <keyValuePair key="ramb18e1_used" value="2" description="" />
  </section>
  <section name="slice_logic" level="2" order="6" description="">
   <keyValuePair key="f7_muxes_available" value="8800" description="" />
   <keyValuePair key="f7_muxes_fixed" value="0" description="" />
   <keyValuePair key="f7_muxes_used" value="0" description="" />
   <keyValuePair key="f7_muxes_util_percentage" value="0.00" description="" />
   <keyValuePair key="f8_muxes_available" value="4400" description="" />
   <keyValuePair key="f8_muxes_fixed" value="0" description="" />
   <keyValuePair key="f8_muxes_used" value="0" description="" />
   <keyValuePair key="f8_muxes_util_percentage" value="0.00" description="" />
   <keyValuePair key="lut_as_distributed_ram_fixed" value="0" description="" />
   <keyValuePair key="lut_as_distributed_ram_used" value="0" description="" />
   <keyValuePair key="lut_as_logic_available" value="17600" description="" />
   <keyValuePair key="lut_as_logic_available" value="17600" description="" />
   <keyValuePair key="lut_as_logic_fixed" value="0" description="" />
   <keyValuePair key="lut_as_logic_fixed" value="0" description="" />
   <keyValuePair key="lut_as_logic_used" value="261" description="" />
   <keyValuePair key="lut_as_logic_used" value="261" description="" />
   <keyValuePair key="lut_as_logic_util_percentage" value="1.48" description="" />
   <keyValuePair key="lut_as_logic_util_percentage" value="1.48" description="" />
   <keyValuePair key="lut_as_memory_available" value="6000" description="" />
   <keyValuePair key="lut_as_memory_available" value="6000" description="" />
   <keyValuePair key="lut_as_memory_fixed" value="0" description="" />
   <keyValuePair key="lut_as_memory_fixed" value="0" description="" />
   <keyValuePair key="lut_as_memory_used" value="0" description="" />
   <keyValuePair key="lut_as_memory_used" value="0" description="" />
   <keyValuePair key="lut_as_memory_util_percentage" value="0.00" description="" />
   <keyValuePair key="lut_as_memory_util_percentage" value="0.00" description="" />
   <keyValuePair key="lut_as_shift_register_fixed" value="0" description="" />
   <keyValuePair key="lut_as_shift_register_used" value="0" description="" />
   <keyValuePair key="lut_in_front_of_the_register_is_unused_fixed" value="0" description="" />
   <keyValuePair key="lut_in_front_of_the_register_is_unused_used" value="28" description="" />
   <keyValuePair key="lut_in_front_of_the_register_is_used_fixed" value="28" description="" />
   <keyValuePair key="lut_in_front_of_the_register_is_used_used" value="79" description="" />
   <keyValuePair key="register_as_flip_flop_available" value="35200" description="" />
   <keyValuePair key="register_as_flip_flop_fixed" value="0" description="" />
   <keyValuePair key="register_as_flip_flop_used" value="270" description="" />
   <keyValuePair key="register_as_flip_flop_util_percentage" value="0.77" description="" />
   <keyValuePair key="register_as_latch_available" value="35200" description="" />
   <keyValuePair key="register_as_latch_fixed" value="0" description="" />
   <keyValuePair key="register_as_latch_used" value="0" description="" />
   <keyValuePair key="register_as_latch_util_percentage" value="0.00" description="" />
   <keyValuePair key="register_driven_from_outside_the_slice_fixed" value="79" description="" />
   <keyValuePair key="register_driven_from_outside_the_slice_used" value="107" description="" />
   <keyValuePair key="register_driven_from_within_the_slice_fixed" value="107" description="" />
   <keyValuePair key="register_driven_from_within_the_slice_used" value="163" description="" />
   <keyValuePair key="slice_available" value="4400" description="" />
   <keyValuePair key="slice_fixed" value="0" description="" />
   <keyValuePair key="slice_luts_available" value="17600" description="" />
   <keyValuePair key="slice_luts_fixed" value="0" description="" />
   <keyValuePair key="slice_luts_used" value="261" description="" />
   <keyValuePair key="slice_luts_util_percentage" value="1.48" description="" />
   <keyValuePair key="slice_registers_available" value="35200" description="" />
   <keyValuePair key="slice_registers_available" value="35200" description="" />
   <keyValuePair key="slice_registers_fixed" value="0" description="" />
   <keyValuePair key="slice_registers_fixed" value="0" description="" />
   <keyValuePair key="slice_registers_used" value="270" description="" />
   <keyValuePair key="slice_registers_used" value="270" description="" />
   <keyValuePair key="slice_registers_util_percentage" value="0.77" description="" />
   <keyValuePair key="slice_registers_util_percentage" value="0.77" description="" />
   <keyValuePair key="slice_used" value="94" description="" />
   <keyValuePair key="slice_util_percentage" value="2.14" description="" />
   <keyValuePair key="slicel_fixed" value="0" description="" />
   <keyValuePair key="slicel_used" value="59" description="" />
   <keyValuePair key="slicem_fixed" value="0" description="" />
   <keyValuePair key="slicem_used" value="35" description="" />
   <keyValuePair key="unique_control_sets_available" value="4400" description="" />
   <keyValuePair key="unique_control_sets_fixed" value="4400" description="" />
   <keyValuePair key="unique_control_sets_used" value="9" description="" />
   <keyValuePair key="unique_control_sets_util_percentage" value="0.20" description="" />
   <keyValuePair key="using_o5_and_o6_fixed" value="0.20" description="" />
   <keyValuePair key="using_o5_and_o6_used" value="62" description="" />
   <keyValuePair key="using_o5_output_only_fixed" value="62" description="" />
   <keyValuePair key="using_o5_output_only_used" value="0" description="" />
   <keyValuePair key="using_o6_output_only_fixed" value="0" description="" />
   <keyValuePair key="using_o6_output_only_used" value="199" description="" />
  </section>
  <section name="specific_feature" level="2" order="7" description="">
   <keyValuePair key="bscane2_available" value="4" description="" />
   <keyValuePair key="bscane2_fixed" value="0" description="" />
   <keyValuePair key="bscane2_used" value="0" description="" />
   <keyValuePair key="bscane2_util_percentage" value="0.00" description="" />
   <keyValuePair key="capturee2_available" value="1" description="" />
   <keyValuePair key="capturee2_fixed" value="0" description="" />
   <keyValuePair key="capturee2_used" value="0" description="" />
   <keyValuePair key="capturee2_util_percentage" value="0.00" description="" />
   <keyValuePair key="dna_port_available" value="1" description="" />
   <keyValuePair key="dna_port_fixed" value="0" description="" />
   <keyValuePair key="dna_port_used" value="0" description="" />
   <keyValuePair key="dna_port_util_percentage" value="0.00" description="" />
   <keyValuePair key="efuse_usr_available" value="1" description="" />
   <keyValuePair key="efuse_usr_fixed" value="0" description="" />
   <keyValuePair key="efuse_usr_used" value="0" description="" />
   <keyValuePair key="efuse_usr_util_percentage" value="0.00" description="" />
   <keyValuePair key="frame_ecce2_available" value="1" description="" />
   <keyValuePair key="frame_ecce2_fixed" value="0" description="" />
   <keyValuePair key="frame_ecce2_used" value="0" description="" />
   <keyValuePair key="frame_ecce2_util_percentage" value="0.00" description="" />
   <keyValuePair key="icape2_available" value="2" description="" />
   <keyValuePair key="icape2_fixed" value="0" description="" />
   <keyValuePair key="icape2_used" value="0" description="" />
   <keyValuePair key="icape2_util_percentage" value="0.00" description="" />
   <keyValuePair key="startupe2_available" value="1" description="" />
   <keyValuePair key="startupe2_fixed" value="0" description="" />
   <keyValuePair key="startupe2_used" value="0" description="" />
   <keyValuePair key="startupe2_util_percentage" value="0.00" description="" />
   <keyValuePair key="xadc_available" value="1" description="" />
   <keyValuePair key="xadc_fixed" value="0" description="" />
   <keyValuePair key="xadc_used" value="0" description="" />
   <keyValuePair key="xadc_util_percentage" value="0.00" description="" />
  </section>
 </section>
 <section name="synthesis" level="1" order="8" description="">
  <section name="command_line_options" level="2" order="1" description="">
   <keyValuePair key="-assert" value="default::[not_specified]" description="" />
   <keyValuePair key="-bufg" value="default::12" description="" />
   <keyValuePair key="-cascade_dsp" value="default::auto" description="" />
   <keyValuePair key="-constrset" value="default::[not_specified]" description="" />
   <keyValuePair key="-control_set_opt_threshold" value="default::auto" description="" />
   <keyValuePair key="-debug_log" value="default::[not_specified]" description="" />
   <keyValuePair key="-directive" value="default::default" description="" />
   <keyValuePair key="-fanout_limit" value="default::10000" description="" />
   <keyValuePair key="-flatten_hierarchy" value="default::rebuilt" description="" />
   <keyValuePair key="-fsm_extraction" value="default::auto" description="" />
   <keyValuePair key="-gated_clock_conversion" value="default::off" description="" />
   <keyValuePair key="-generic" value="default::[not_specified]" description="" />
   <keyValuePair key="-include_dirs" value="default::[not_specified]" description="" />
   <keyValuePair key="-keep_equivalent_registers" value="default::[not_specified]" description="" />
   <keyValuePair key="-lint" value="default::[not_specified]" description="" />
   <keyValuePair key="-max_bram" value="default::-1" description="" />
   <keyValuePair key="-max_bram_cascade_height" value="default::-1" description="" />
   <keyValuePair key="-max_dsp" value="default::-1" description="" />
   <keyValuePair key="-max_uram" value="default::-1" description="" />
   <keyValuePair key="-max_uram_cascade_height" value="default::-1" description="" />
   <keyValuePair key="-mode" value="default::default" description="" />
   <keyValuePair key="-name" value="default::[not_specified]" description="" />
   <keyValuePair key="-no_lc" value="default::[not_specified]" description="" />
   <keyValuePair key="-no_srlextract" value="default::[not_specified]" description="" />
   <keyValuePair key="-no_timing_driven" value="default::[not_specified]" description="" />
   <keyValuePair key="-os" value="default::[not_specified]" description="" />
   <keyValuePair key="-part" value="xc7z010clg400-1" description="" />
   <keyValuePair key="-resource_sharing" value="default::auto" description="" />
   <keyValuePair key="-retiming" value="default::[not_specified]" description="" />
   <keyValuePair key="-rtl" value="default::[not_specified]" description="" />
   <keyValuePair key="-rtl_skip_constraints" value="default::[not_specified]" description="" />
   <keyValuePair key="-rtl_skip_ip" value="default::[not_specified]" description="" />
   <keyValuePair key="-seu_protect" value="default::none" description="" />
   <keyValuePair key="-sfcu" value="default::[not_specified]" description="" />
   <keyValuePair key="-shreg_min_size" value="default::3" description="" />
   <keyValuePair key="-top" value="Generateur_Pattern" description="" />
   <keyValuePair key="-verilog_define" value="default::[not_specified]" description="" />
  </section>
  <section name="usage" level="2" order="2" description="">
   <keyValuePair key="elapsed" value="00:00:47s" description="" />
   <keyValuePair key="hls_ip" value="0" description="" />
   <keyValuePair key="memory_gain" value="114.543MB" description="" />
   <keyValuePair key="memory_peak" value="1217.668MB" description="" />
  </section>
 </section>
 <section name="unisim_transformation" level="1" order="9" description="">
  <section name="post_unisim_transformation" level="2" order="1" description="">
   <keyValuePair key="bufg" value="2" description="" />
   <keyValuePair key="carry4" value="36" description="" />
   <keyValuePair key="fdce" value="150" description="" />
   <keyValuePair key="fdre" value="112" description="" />
   <keyValuePair key="fdse" value="8" description="" />
   <keyValuePair key="gnd" value="36" description="" />
   <keyValuePair key="ibuf" value="2" description="" />
   <keyValuePair key="lut1" value="13" description="" />
   <keyValuePair key="lut2" value="26" description="" />
   <keyValuePair key="lut3" value="48" description="" />
   <keyValuePair key="lut4" value="80" description="" />
   <keyValuePair key="lut5" value="65" description="" />
   <keyValuePair key="lut6" value="94" description="" />
   <keyValuePair key="mmcme2_adv" value="1" description="" />
   <keyValuePair key="obuf" value="14" description="" />
   <keyValuePair key="ramb18e1" value="2" description="" />
   <keyValuePair key="vcc" value="16" description="" />
  </section>
  <section name="pre_unisim_transformation" level="2" order="2" description="">
   <keyValuePair key="bufg" value="2" description="" />
   <keyValuePair key="carry4" value="36" description="" />
   <keyValuePair key="fdce" value="150" description="" />
   <keyValuePair key="fdre" value="112" description="" />
   <keyValuePair key="fdse" value="8" description="" />
   <keyValuePair key="gnd" value="36" description="" />
   <keyValuePair key="ibuf" value="2" description="" />
   <keyValuePair key="lut1" value="13" description="" />
   <keyValuePair key="lut2" value="26" description="" />
   <keyValuePair key="lut3" value="48" description="" />
   <keyValuePair key="lut4" value="80" description="" />
   <keyValuePair key="lut5" value="65" description="" />
   <keyValuePair key="lut6" value="94" description="" />
   <keyValuePair key="mmcme2_adv" value="1" description="" />
   <keyValuePair key="obuf" value="14" description="" />
   <keyValuePair key="ramb18e1" value="2" description="" />
   <keyValuePair key="vcc" value="16" description="" />
  </section>
 </section>
 <section name="vivado_usage" level="1" order="10" description="">
  <section name="gui_handlers" level="2" order="1" description="">
   <keyValuePair key="abstractsearchablepanel_show_search" value="1" description="" />
   <keyValuePair key="basedialog_cancel" value="29" description="" />
   <keyValuePair key="basedialog_no" value="3" description="" />
   <keyValuePair key="basedialog_ok" value="552" description="" />
   <keyValuePair key="basedialog_yes" value="19" description="" />
   <keyValuePair key="closeplanner_yes" value="2" description="" />
   <keyValuePair key="cmdmsgdialog_ok" value="20" description="" />
   <keyValuePair key="commandsinput_type_tcl_command_here" value="232" description="" />
   <keyValuePair key="confirmsavetexteditsdialog_no" value="2" description="" />
   <keyValuePair key="constraintschooserpanel_add_files" value="1" description="" />
   <keyValuePair key="coretreetablepanel_core_tree_table" value="16" description="" />
   <keyValuePair key="expreporttreepanel_exp_report_tree_table" value="3" description="" />
   <keyValuePair key="filesetpanel_file_set_panel_tree" value="347" description="" />
   <keyValuePair key="flownavigatortreepanel_flow_navigator_tree" value="385" description="" />
   <keyValuePair key="fpgachooser_fpga_table" value="4" description="" />
   <keyValuePair key="gettingstartedview_create_new_project" value="1" description="" />
   <keyValuePair key="graphicalview_zoom_fit" value="271" description="" />
   <keyValuePair key="graphicalview_zoom_in" value="13" description="" />
   <keyValuePair key="graphicalview_zoom_out" value="183" description="" />
   <keyValuePair key="hacgcipsymbol_show_disabled_ports" value="1" description="" />
   <keyValuePair key="hcodeeditor_blank_operations" value="7" description="" />
   <keyValuePair key="hcodeeditor_commands_to_fold_text" value="4" description="" />
   <keyValuePair key="hcodeeditor_diff_with" value="4" description="" />
   <keyValuePair key="hinputhandler_toggle_line_comments" value="53" description="" />
   <keyValuePair key="hpopuptitle_close" value="1" description="" />
   <keyValuePair key="mainmenumgr_help" value="2" description="" />
   <keyValuePair key="mainmenumgr_view" value="2" description="" />
   <keyValuePair key="mainmenumgr_window" value="4" description="" />
   <keyValuePair key="mainwinmenumgr_layout" value="2" description="" />
   <keyValuePair key="msgtreepanel_message_view_tree" value="18" description="" />
   <keyValuePair key="msgview_critical_warnings" value="3" description="" />
   <keyValuePair key="msgview_information_messages" value="5" description="" />
   <keyValuePair key="msgview_warning_messages" value="4" description="" />
   <keyValuePair key="navigabletimingreporttab_timing_report_navigation_tree" value="10" description="" />
   <keyValuePair key="netlisttreeview_netlist_tree" value="8" description="" />
   <keyValuePair key="pacommandnames_add_sources" value="11" description="" />
   <keyValuePair key="pacommandnames_auto_connect_target" value="15" description="" />
   <keyValuePair key="pacommandnames_auto_update_hier" value="32" description="" />
   <keyValuePair key="pacommandnames_fileset_window" value="1" description="" />
   <keyValuePair key="pacommandnames_goto_implemented_design" value="2" description="" />
   <keyValuePair key="pacommandnames_goto_netlist_design" value="5" description="" />
   <keyValuePair key="pacommandnames_open_hardware_manager" value="20" description="" />
   <keyValuePair key="pacommandnames_reports_window" value="17" description="" />
   <keyValuePair key="pacommandnames_run_bitgen" value="60" description="" />
   <keyValuePair key="pacommandnames_run_implementation" value="27" description="" />
   <keyValuePair key="pacommandnames_simulation_reset" value="3" description="" />
   <keyValuePair key="pacommandnames_simulation_run" value="2" description="" />
   <keyValuePair key="pacommandnames_simulation_run_behavioral" value="182" description="" />
   <keyValuePair key="pacommandnames_write_config_memory_file" value="1" description="" />
   <keyValuePair key="pacommandnames_zoom_fit" value="2" description="" />
   <keyValuePair key="pacommandnames_zoom_in" value="1" description="" />
   <keyValuePair key="pacommandnames_zoom_out" value="2" description="" />
   <keyValuePair key="paviews_code" value="19" description="" />
   <keyValuePair key="paviews_device" value="3" description="" />
   <keyValuePair key="paviews_ip_catalog" value="4" description="" />
   <keyValuePair key="paviews_project_summary" value="166" description="" />
   <keyValuePair key="paviews_schematic" value="7" description="" />
   <keyValuePair key="planaheadtab_show_flow_navigator" value="9" description="" />
   <keyValuePair key="programdebugtab_open_target" value="15" description="" />
   <keyValuePair key="programdebugtab_program_device" value="75" description="" />
   <keyValuePair key="programdebugtab_refresh_device" value="1" description="" />
   <keyValuePair key="programfpgadialog_program" value="71" description="" />
   <keyValuePair key="programfpgadialog_specify_bitstream_file" value="4" description="" />
   <keyValuePair key="progressdialog_background" value="6" description="" />
   <keyValuePair key="progressdialog_cancel" value="15" description="" />
   <keyValuePair key="projectdashboardview_tabbed_pane" value="1" description="" />
   <keyValuePair key="projectnamechooser_choose_project_location" value="2" description="" />
   <keyValuePair key="projectnamechooser_project_name" value="1" description="" />
   <keyValuePair key="projecttab_close_design" value="2" description="" />
   <keyValuePair key="rdicommands_delete" value="5" description="" />
   <keyValuePair key="rdicommands_save_file" value="1" description="" />
   <keyValuePair key="rdicommands_waveform_save_configuration" value="1" description="" />
   <keyValuePair key="rdiviews_waveform_viewer" value="517" description="" />
   <keyValuePair key="removesourcesdialog_also_delete" value="1" description="" />
   <keyValuePair key="saveprojectutils_cancel" value="4" description="" />
   <keyValuePair key="saveprojectutils_save" value="72" description="" />
   <keyValuePair key="schematicview_remove" value="1" description="" />
   <keyValuePair key="simpleoutputproductdialog_generate_output_products_immediately" value="9" description="" />
   <keyValuePair key="simulationobjectspanel_simulation_objects_tree_table" value="131" description="" />
   <keyValuePair key="simulationscopespanel_simulate_scope_table" value="123" description="" />
   <keyValuePair key="srcchooserpanel_add_hdl_and_netlist_files_to_your_project" value="11" description="" />
   <keyValuePair key="srcchooserpanel_add_or_create_source_file" value="1" description="" />
   <keyValuePair key="srcmenu_ip_documentation" value="1" description="" />
   <keyValuePair key="srcmenu_ip_hierarchy" value="27" description="" />
   <keyValuePair key="srcmenu_refresh_hierarchy" value="6" description="" />
   <keyValuePair key="stalemoreaction_out_of_date_details" value="1" description="" />
   <keyValuePair key="stalerundialog_yes" value="1" description="" />
   <keyValuePair key="statemonitor_reset_run" value="1" description="" />
   <keyValuePair key="statemonitor_reset_step" value="1" description="" />
   <keyValuePair key="syntheticastatemonitor_cancel" value="7" description="" />
   <keyValuePair key="tclconsoleview_tcl_console_code_editor" value="10" description="" />
   <keyValuePair key="touchpointsurveydialog_yes" value="1" description="" />
   <keyValuePair key="waveformnametree_waveform_name_tree" value="191" description="" />
   <keyValuePair key="waveformview_add_marker" value="3" description="" />
   <keyValuePair key="waveformview_goto_time_0" value="2" description="" />
  </section>
  <section name="java_command_handlers" level="2" order="2" description="">
   <keyValuePair key="addsources" value="11" description="" />
   <keyValuePair key="autoconnecttarget" value="15" description="" />
   <keyValuePair key="coreview" value="5" description="" />
   <keyValuePair key="customizecore" value="6" description="" />
   <keyValuePair key="editcopy" value="1" description="" />
   <keyValuePair key="editdelete" value="7" description="" />
   <keyValuePair key="editpaste" value="1" description="" />
   <keyValuePair key="editundo" value="3" description="" />
   <keyValuePair key="exitapp" value="27" description="" />
   <keyValuePair key="fliptoviewtaskimplementation" value="1" description="" />
   <keyValuePair key="launchprogramfpga" value="75" description="" />
   <keyValuePair key="newproject" value="1" description="" />
   <keyValuePair key="openhardwaremanager" value="25" description="" />
   <keyValuePair key="openrecenttarget" value="3" description="" />
   <keyValuePair key="recustomizecore" value="18" description="" />
   <keyValuePair key="refreshdevice" value="1" description="" />
   <keyValuePair key="reporttimingsummary" value="1" description="" />
   <keyValuePair key="runbitgen" value="71" description="" />
   <keyValuePair key="runimplementation" value="82" description="" />
   <keyValuePair key="runschematic" value="14" description="" />
   <keyValuePair key="runsynthesis" value="75" description="" />
   <keyValuePair key="savefileproxyhandler" value="4" description="" />
   <keyValuePair key="showview" value="45" description="" />
   <keyValuePair key="simulationrun" value="177" description="" />
   <keyValuePair key="toggleviewnavigator" value="13" description="" />
   <keyValuePair key="viewtaskimplementation" value="12" description="" />
   <keyValuePair key="viewtaskrtlanalysis" value="2" description="" />
   <keyValuePair key="viewtasksynthesis" value="6" description="" />
   <keyValuePair key="waveformsaveconfiguration" value="4" description="" />
   <keyValuePair key="zoomfit" value="2" description="" />
   <keyValuePair key="zoomin" value="1" description="" />
   <keyValuePair key="zoomout" value="2" description="" />
  </section>
  <section name="other_data" level="2" order="3" description="">
   <keyValuePair key="guimode" value="33" description="" />
  </section>
  <section name="project_data" level="2" order="4" description="">
   <keyValuePair key="constraintsetcount" value="1" description="" />
   <keyValuePair key="core_container" value="false" description="" />
   <keyValuePair key="currentimplrun" value="impl_1" description="" />
   <keyValuePair key="currentsynthesisrun" value="synth_1" description="" />
   <keyValuePair key="default_library" value="xil_defaultlib" description="" />
   <keyValuePair key="designmode" value="RTL" description="" />
   <keyValuePair key="export_simulation_activehdl" value="9" description="" />
   <keyValuePair key="export_simulation_ies" value="9" description="" />
   <keyValuePair key="export_simulation_modelsim" value="9" description="" />
   <keyValuePair key="export_simulation_questa" value="9" description="" />
   <keyValuePair key="export_simulation_riviera" value="9" description="" />
   <keyValuePair key="export_simulation_vcs" value="9" description="" />
   <keyValuePair key="export_simulation_xsim" value="9" description="" />
   <keyValuePair key="implstrategy" value="Vivado Implementation Defaults" description="" />
   <keyValuePair key="launch_simulation_activehdl" value="0" description="" />
   <keyValuePair key="launch_simulation_ies" value="0" description="" />
   <keyValuePair key="launch_simulation_modelsim" value="0" description="" />
   <keyValuePair key="launch_simulation_questa" value="0" description="" />
   <keyValuePair key="launch_simulation_riviera" value="0" description="" />
   <keyValuePair key="launch_simulation_vcs" value="0" description="" />
   <keyValuePair key="launch_simulation_xsim" value="177" description="" />
   <keyValuePair key="simulator_language" value="Mixed" description="" />
   <keyValuePair key="srcsetcount" value="6" description="" />
   <keyValuePair key="synthesisstrategy" value="Vivado Synthesis Defaults" description="" />
   <keyValuePair key="target_language" value="Verilog" description="" />
   <keyValuePair key="target_simulator" value="XSim" description="" />
   <keyValuePair key="totalimplruns" value="4" description="" />
   <keyValuePair key="totalsynthesisruns" value="4" description="" />
  </section>
 </section>
 <section name="xsim" level="1" order="11" description="">
  <section name="command_line_options" level="2" order="1" description="">
   <keyValuePair key="-sim_mode" value="default::behavioral" description="" />
   <keyValuePair key="-sim_type" value="default::" description="" />
  </section>
 </section>
</section>
</webTalkData>
